{
    "name": "TLV493D-Magnetic-Sensor",
    "keywords": "3D, magnetic, sensor2go",
    "description": "This library is deprecated and no longer maintained. Please use our XENSIV™ 3D Magnetic Sensor TLx493D Arduino Library instead (https://github.com/Infineon/arduino-xensiv-3d-magnetic-sensor-tlx493d).",
    "repository":
    {
      "type": "git",
      "url": "https://github.com/Infineon/TLV493D-A1B6-3DMagnetic-Sensor.git",
      "branch": "master"
    },
    "version":"1.0.4",
    "frameworks": "arduino",
    "platforms": [
        "infineonxmc",
        "atmelavr"
    ]
  }
